Workbook

Sheet Title Page
A1: Name | B1: Dylan McPeake
A2: Class | B2: PLS 675: Ecosystem Nutrient Cylcing
A3: Purpose | B3: Meta Analysis data for testing total nitrogen (TN) removal efficiencies (RE) (%) for standard constructed wetlands vs. "intensified" constructed wetlands
A4: References | B4: In-text citation, ariticle title, DOI for all sources used
A5: Data | B5: Data used for Meta Analysis. Control and treatement means, standard deviation (STD), standard deviation error (STD Error), and number of replicates (n). Identifier and wetland comparison show qualitative differences between data points; identifier will not be studied but wetland comparisson may be
A6: Tao et al., 2010 | B6: Data, chart, and math/methods used to get data from relevant article
A7: Wang et al., 2022 | B7: Data, chart, and math/methods used to get data from relevant article
A8: Wang et al., 2023 | B8: Data, chart, and math/methods used to get data from relevant article
A9: Xiong et al., 2011 | B9: Data, chart, and math/methods used to get data from relevant article

Sheet References
A1: Citation | B1: Article Name | C1: DOI
A2: Ge et al., 2019 | B2: Natural pyrite to enhance simultaneous long-term nitrogen and phosphorus removal in constructed wetland: Three years of pilot study | C2: 10.1016/j.watres.2018.10.037
A3: Liu et al., 2019 | B3: Intensified nitrogen transformation in intermittently aerated constructed wetlands: Removal pathways and microbial response mechanism | C3: 10.1016/j.scitotenv.2018.10.037
A4: Stefanlos and Tsihrintzis, 2009 | B4: Effect of outlet water level raising and effluent recirculation on removal efficiency of pilot-scale, horizontal subsurface flow constructed wetlands | C4: 10.1016/j.desal.2008.08.008
A5: Tao et al., 2010 | B5: How Artificial Aeration Improved Sewage Treatment of an Integrated Vertical-Flow Constructed Wetland | C5: Open PDF online
A6: Wang et al., 2022 | B6: Element sulfur-based autotrophic denitrification constructed wetland as an efficient approach for nitrogen removal from low C/N wastewater | C6: 10.1016/j.watres.2022.119258
A7: Wang et al., 2023 | B7: Enhanced nitrogen removal driven by S/Fe2+ cycle in a novel hybrid constructed wetland | C7: 10.1016/j.jclepro.2023.139113
A8: Xiong et al., 2011 | B8: Nitrogen removal from secondary effluent by using integrated constructed wetland system | C8: 10.1016/j.ecoleng.2010.12.025
A9: Zhang et al., 2010 | B9: Effect of limited artificial aeration on constructed wetland treatment of domestic wastewater | C9: 10.1016/j.desal.2008.04.062

Sheet McPeake_MetaAnalysis_Liu
A1: Author | B1: Identifier | C1: Wetland_Comparison | D1: meanControl | E1: STDControl | F1: STDErrorControl | G1: nControl | H1: meanStart | I1: STDStart | J1: STDErrorStart | K1: nStart
A2: Ge et al., 2019 | B2: 1st Year | C2: Pyrite | D2: 75.2 | E2: 30.8 | F2: =E2/SQRT(G2) -> 4.2711915 | G2: 52 | H2: 78.9 | I2: 25.1 | J2: =I2/SQRT(K2) -> 3.4807437 | K2: 52
A3: Ge et al., 2019 | B3: 2nd Year | C3: Pyrite | D3: 48.3 | E3: 15.2 | F3: =E3/SQRT(G3) -> 2.1078607 | G3: 52 | H3: 59.7 | I3: 14.5 | J3: =I3/SQRT(K3) -> 2.0107882 | K3: 52
A4: Ge et al., 2019 | B4: 3rd Year | C4: Pyrite | D4: 56.5 | E4: 18.7 | F4: =E4/SQRT(G4) -> 2.5932234 | G4: 52 | H4: 69.7 | I4: 20.4 | J4: =I4/SQRT(K4) -> 2.828971 | K4: 52
A5: Liu et al., 2019 | B5: Systems I & IV | C5: Aerated | D5: 12.22 | E5: 12.73 | F5: =E5/SQRT(G5) -> 1.5325119 | G5: 69 | H5: 91.31 | I5: 8.58 | J5: =I5/SQRT(K5) -> 1.0329106 | K5: 69
A6: Liu et al., 2019 | B6: Systems II & V | C6: Aerated | D6: 16.4 | E6: 11.39 | F6: =E6/SQRT(G6) -> 1.3711949 | G6: 69 | H6: 92.65 | I6: 7.16 | J6: =I6/SQRT(K6) -> 0.86196271 | K6: 69
A7: Liu et al., 2019 | B7: Systems III & VI | C7: Aerated | D7: 53.92 | E7: 10.97 | F7: =E7/SQRT(G7) -> 1.3206328 | G7: 69 | H7: 93.91 | I7: 5.23 | J7: =I7/SQRT(K7) -> 0.62961801 | K7: 69
A8: Stefanlos and Tsihrintzis, 2009 | B8: MG-C unit | C8: Recircualtion | D8: 58.4 | E8: 22.4 | F8: =E8/SQRT(G8) -> 0.89671766 | G8: =52*2*6 -> 624 | H8: 43.9 | I8: 34.6 | J8: =I8/SQRT(K8) -> 1.3851085 | K8: =52*2*6 -> 624
A9: Stefanlos and Tsihrintzis, 2009 | B9: FG-R unit | C9: Recircualtion | D9: 81.3 | E9: 14.7 | F9: =E9/SQRT(G9) -> 0.83222362 | G9: =52*6 -> 312 | H9: 61 | I9: 26 | J9: =I9/SQRT(K9) -> 1.4719601 | K9: =52*6 -> 312
A10: Tao et al., 2010 | B10: Summer | C10: Aerated | D10: ='Tao et al., 2010'!$B$9 -> 66.397516 | E10: ='Tao et al., 2010'!$D$9 -> 6.5217391 | F10: =E10/SQRT(G10) -> 0.34136343 | G10: 365 | H10: ='Tao et al., 2010'!$B$3 -> 68.985507 | I10: ='Tao et al., 2010'!$D$3 -> 4.0372671 | J10: =I10/SQRT(K10) -> 0.21132022 | K10: 365
A11: Tao et al., 2010 | B11: Fall | C11: Aerated | D11: ='Tao et al., 2010'!$B$10 -> 69.917184 | E11: ='Tao et al., 2010'!$D$10 -> 5.1759834 | F11: =E11/SQRT(G11) -> 0.27092336 | G11: 365 | H11: ='Tao et al., 2010'!$B$4 -> 71.884058 | I11: ='Tao et al., 2010'!$D$4 -> 3.9337474 | J11: =I11/SQRT(K11) -> 0.20590175 | K11: 365
A12: Tao et al., 2010 | B12: Winter | C12: Aerated | D12: ='Tao et al., 2010'!$B$11 -> 51.594203 | E12: ='Tao et al., 2010'!$D$11 -> 3.4161491 | F12: =E12/SQRT(G12) -> 0.17880941 | G12: 365 | H12: ='Tao et al., 2010'!$B$5 -> 58.530021 | I12: ='Tao et al., 2010'!$D$5 -> 3.7267081 | J12: =I12/SQRT(K12) -> 0.19506482 | K12: 365
A13: Tao et al., 2010 | B13: Spring | C13: Aerated | D13: ='Tao et al., 2010'!$B$12 -> 56.045549 | E13: ='Tao et al., 2010'!$D$12 -> 3.8302277 | F13: =E13/SQRT(G13) -> 0.20048328 | G13: 365 | H13: ='Tao et al., 2010'!$B$6 -> 63.188406 | I13: ='Tao et al., 2010'!$D$6 -> 4.3478261 | J13: =I13/SQRT(K13) -> 0.22757562 | K13: 365
A14: Wang et al., 2022 | B14: Stage I | C14: Sulfur | D14: 71.16 | E14: 9.87 | F14: =E14/SQRT(G14) -> 2.8492236 | G14: 12 | H14: 70.87 | I14: 8.49 | J14: =I14/SQRT(K14) -> 2.4508519 | K14: 12
A15: Wang et al., 2022 | B15: Stage II | C15: Sulfur | D15: 46.34 | E15: 3.68 | F15: =E15/SQRT(G15) -> 1.0623245 | G15: 12 | H15: 71.16 | I15: 9.87 | J15: =I15/SQRT(K15) -> 2.8492236 | K15: 12
A16: Wang et al., 2022 | B16: Stage III | C16: Sulfur | D16: ='Wang et al., 2022'!B16 -> 40.887857 | E16: ='Wang et al., 2022'!B17 -> 4.6065301 | F16: =E16/SQRT(G16) -> 1.3297907 | G16: 12 | H16: 69.36 | I16: 3.97 | J16: =I16/SQRT(K16) -> 1.1460403 | K16: 12
A17: Wang et al., 2022 | B17: Stage IV | C17: Sulfur | D17: ='Wang et al., 2022'!C16 -> 45.60022 | E17: ='Wang et al., 2022'!C17 -> 2.3275454 | F17: =E17/SQRT(G17) -> 0.64554494 | G17: 13 | H17: 85.26 | I17: 3.07 | J17: =I17/SQRT(K17) -> 0.8514648 | K17: 13
A18: Wang et al., 2023 | B18: Start-up | C18: SulfurSiderite | D18: ='Wang et al., 2023'!B32 -> 46.206533 | E18: ='Wang et al., 2023'!B33 -> 5.6415396 | F18: =E18/SQRT(G18) -> 0.55859566 | G18: =34*3 -> 102 | H18: ='Wang et al., 2023'!E32 -> 67.513172 | I18: ='Wang et al., 2023'!E33 -> 15.87331 | J18: =I18/SQRT(K18) -> 1.5716919 | K18: =34*3 -> 102
A19: Wang et al., 2023 | B19: Stable | C19: SulfurSiderite | D19: ='Wang et al., 2023'!C32 -> 48.181389 | E19: ='Wang et al., 2023'!C33 -> 7.7984671 | F19: =E19/SQRT(G19) -> 0.44580869 | G19: =(136-34)*3 -> 306 | H19: 87.51 | I19: 2.3 | J19: =I19/SQRT(K19) -> 0.13148225 | K19: =(136-34)*3 -> 306
A20: Wang et al., 2023 | B20: Low temperature | C20: SulfurSiderite | D20: ='Wang et al., 2023'!D32 -> 41.452055 | E20: ='Wang et al., 2023'!D33 -> 8.5220895 | F20: =E20/SQRT(G20) -> 0.72544843 | G20: =(182-136)*3 -> 138 | H20: 76.24 | I20: 5.4 | J20: =I20/SQRT(K20) -> 0.45967853 | K20: =(182-136)*3 -> 138
A21: Xiong et al., 2011 | B21: Type | C21: FloatingBed | D21: ='Xiong et al., 2011'!C18 -> 70.893879 | E21: ='Xiong et al., 2011'!C19 -> 10.473412 | F21: =E21/SQRT(G21) -> 2.7042232 | G21: 15 | H21: ='Xiong et al., 2011'!E18 -> 82.185368 | I21: ='Xiong et al., 2011'!E19 -> 7.1072045 | J21: =I21/SQRT(K21) -> 1.8350723 | K21: 15
A22: Xiong et al., 2011 | B22: Type | C22: SandFilterTank | D22: ='Xiong et al., 2011'!C18 -> 70.893879 | E22: ='Xiong et al., 2011'!C19 -> 10.473412 | F22: =E22/SQRT(G22) -> 2.7042232 | G22: 15 | H22: ='Xiong et al., 2011'!G18 -> 91.317362 | I22: ='Xiong et al., 2011'!G19 -> 4.1408134 | J22: =I22/SQRT(K22) -> 1.0691534 | K22: 15
A23: Zhang et al., 2010 | B23: APCW | C23: AeratedPlanted | D23: 36.8 | E23: 5.7 | F23: =E23/SQRT(G23) -> 1.1635076 | G23: =12*2 -> 24 | H23: 86 | I23: 5.6 | J23: =I23/SQRT(K23) -> 1.1430952 | K23: =12*2 -> 24
A24: Zhang et al., 2010 | B24: PCW | C24: Planted | D24: 36.8 | E24: 5.7 | F24: =E24/SQRT(G24) -> 1.1635076 | G24: =12*2 -> 24 | H24: 73.8 | I24: 8.2 | J24: =I24/SQRT(K24) -> 1.673818 | K24: =12*2 -> 24
A25: Zhang et al., 2010 | B25: ACW | C25: Aerated | D25: 36.8 | E25: 5.7 | F25: =E25/SQRT(G25) -> 1.1635076 | G25: =12*2 -> 24 | H25: 76.9 | I25: 8.2 | J25: =I25/SQRT(K25) -> 1.673818 | K25: =12*2 -> 24

Sheet McPeake_MetaAnalysis_NoLiu
A1: Author | B1: Identifier | C1: Wetland_Comparison | D1: meanControl | E1: STDControl | F1: STDErrorControl | G1: nControl | H1: meanStart | I1: STDStart | J1: STDErrorStart | K1: nStart
A2: Ge et al., 2019 | B2: 1st Year | C2: Pyrite | D2: 75.2 | E2: 30.8 | F2: =E2/SQRT(G2) -> 4.2711915 | G2: 52 | H2: 78.9 | I2: 25.1 | J2: =I2/SQRT(K2) -> 3.4807437 | K2: 52
A3: Ge et al., 2019 | B3: 2nd Year | C3: Pyrite | D3: 48.3 | E3: 15.2 | F3: =E3/SQRT(G3) -> 2.1078607 | G3: 52 | H3: 59.7 | I3: 14.5 | J3: =I3/SQRT(K3) -> 2.0107882 | K3: 52
A4: Ge et al., 2019 | B4: 3rd Year | C4: Pyrite | D4: 56.5 | E4: 18.7 | F4: =E4/SQRT(G4) -> 2.5932234 | G4: 52 | H4: 69.7 | I4: 20.4 | J4: =I4/SQRT(K4) -> 2.828971 | K4: 52
A5: Stefanlos and Tsihrintzis, 2009 | B5: MG-C unit | C5: Recircualtion | D5: 58.4 | E5: 22.4 | F5: =E5/SQRT(G5) -> 0.89671766 | G5: =52*2*6 -> 624 | H5: 43.9 | I5: 34.6 | J5: =I5/SQRT(K5) -> 1.3851085 | K5: =52*2*6 -> 624
A6: Stefanlos and Tsihrintzis, 2009 | B6: FG-R unit | C6: Recircualtion | D6: 81.3 | E6: 14.7 | F6: =E6/SQRT(G6) -> 0.83222362 | G6: =52*6 -> 312 | H6: 61 | I6: 26 | J6: =I6/SQRT(K6) -> 1.4719601 | K6: =52*6 -> 312
A7: Tao et al., 2010 | B7: Summer | C7: Aerated | D7: ='Tao et al., 2010'!$B$9 -> 66.397516 | E7: ='Tao et al., 2010'!$D$9 -> 6.5217391 | F7: =E7/SQRT(G7) -> 0.34136343 | G7: 365 | H7: ='Tao et al., 2010'!$B$3 -> 68.985507 | I7: ='Tao et al., 2010'!$D$3 -> 4.0372671 | J7: =I7/SQRT(K7) -> 0.21132022 | K7: 365
A8: Tao et al., 2010 | B8: Fall | C8: Aerated | D8: ='Tao et al., 2010'!$B$10 -> 69.917184 | E8: ='Tao et al., 2010'!$D$10 -> 5.1759834 | F8: =E8/SQRT(G8) -> 0.27092336 | G8: 365 | H8: ='Tao et al., 2010'!$B$4 -> 71.884058 | I8: ='Tao et al., 2010'!$D$4 -> 3.9337474 | J8: =I8/SQRT(K8) -> 0.20590175 | K8: 365
A9: Tao et al., 2010 | B9: Winter | C9: Aerated | D9: ='Tao et al., 2010'!$B$11 -> 51.594203 | E9: ='Tao et al., 2010'!$D$11 -> 3.4161491 | F9: =E9/SQRT(G9) -> 0.17880941 | G9: 365 | H9: ='Tao et al., 2010'!$B$5 -> 58.530021 | I9: ='Tao et al., 2010'!$D$5 -> 3.7267081 | J9: =I9/SQRT(K9) -> 0.19506482 | K9: 365
A10: Tao et al., 2010 | B10: Spring | C10: Aerated | D10: ='Tao et al., 2010'!$B$12 -> 56.045549 | E10: ='Tao et al., 2010'!$D$12 -> 3.8302277 | F10: =E10/SQRT(G10) -> 0.20048328 | G10: 365 | H10: ='Tao et al., 2010'!$B$6 -> 63.188406 | I10: ='Tao et al., 2010'!$D$6 -> 4.3478261 | J10: =I10/SQRT(K10) -> 0.22757562 | K10: 365
A11: Wang et al., 2022 | B11: Stage I | C11: Sulfur | D11: 71.16 | E11: 9.87 | F11: =E11/SQRT(G11) -> 2.8492236 | G11: 12 | H11: 70.87 | I11: 8.49 | J11: =I11/SQRT(K11) -> 2.4508519 | K11: 12
A12: Wang et al., 2022 | B12: Stage II | C12: Sulfur | D12: 46.34 | E12: 3.68 | F12: =E12/SQRT(G12) -> 1.0623245 | G12: 12 | H12: 71.16 | I12: 9.87 | J12: =I12/SQRT(K12) -> 2.8492236 | K12: 12
A13: Wang et al., 2022 | B13: Stage III | C13: Sulfur | D13: ='Wang et al., 2022'!B16 -> 40.887857 | E13: ='Wang et al., 2022'!B17 -> 4.6065301 | F13: =E13/SQRT(G13) -> 1.3297907 | G13: 12 | H13: 69.36 | I13: 3.97 | J13: =I13/SQRT(K13) -> 1.1460403 | K13: 12
A14: Wang et al., 2022 | B14: Stage IV | C14: Sulfur | D14: ='Wang et al., 2022'!C16 -> 45.60022 | E14: ='Wang et al., 2022'!C17 -> 2.3275454 | F14: =E14/SQRT(G14) -> 0.64554494 | G14: 13 | H14: 85.26 | I14: 3.07 | J14: =I14/SQRT(K14) -> 0.8514648 | K14: 13
A15: Wang et al., 2023 | B15: Start-up | C15: SulfurSiderite | D15: ='Wang et al., 2023'!B32 -> 46.206533 | E15: ='Wang et al., 2023'!B33 -> 5.6415396 | F15: =E15/SQRT(G15) -> 0.55859566 | G15: =34*3 -> 102 | H15: ='Wang et al., 2023'!E32 -> 67.513172 | I15: ='Wang et al., 2023'!E33 -> 15.87331 | J15: =I15/SQRT(K15) -> 1.5716919 | K15: =34*3 -> 102
A16: Wang et al., 2023 | B16: Stable | C16: SulfurSiderite | D16: ='Wang et al., 2023'!C32 -> 48.181389 | E16: ='Wang et al., 2023'!C33 -> 7.7984671 | F16: =E16/SQRT(G16) -> 0.44580869 | G16: =(136-34)*3 -> 306 | H16: 87.51 | I16: 2.3 | J16: =I16/SQRT(K16) -> 0.13148225 | K16: =(136-34)*3 -> 306
A17: Wang et al., 2023 | B17: Low temperature | C17: SulfurSiderite | D17: ='Wang et al., 2023'!D32 -> 41.452055 | E17: ='Wang et al., 2023'!D33 -> 8.5220895 | F17: =E17/SQRT(G17) -> 0.72544843 | G17: =(182-136)*3 -> 138 | H17: 76.24 | I17: 5.4 | J17: =I17/SQRT(K17) -> 0.45967853 | K17: =(182-136)*3 -> 138
A18: Xiong et al., 2011 | B18: Type | C18: FloatingBed | D18: ='Xiong et al., 2011'!C18 -> 70.893879 | E18: ='Xiong et al., 2011'!C19 -> 10.473412 | F18: =E18/SQRT(G18) -> 2.7042232 | G18: 15 | H18: ='Xiong et al., 2011'!E18 -> 82.185368 | I18: ='Xiong et al., 2011'!E19 -> 7.1072045 | J18: =I18/SQRT(K18) -> 1.8350723 | K18: 15
A19: Xiong et al., 2011 | B19: Type | C19: SandFilterTank | D19: ='Xiong et al., 2011'!C18 -> 70.893879 | E19: ='Xiong et al., 2011'!C19 -> 10.473412 | F19: =E19/SQRT(G19) -> 2.7042232 | G19: 15 | H19: ='Xiong et al., 2011'!G18 -> 91.317362 | I19: ='Xiong et al., 2011'!G19 -> 4.1408134 | J19: =I19/SQRT(K19) -> 1.0691534 | K19: 15
A20: Zhang et al., 2010 | B20: APCW | C20: AeratedPlanted | D20: 36.8 | E20: 5.7 | F20: =E20/SQRT(G20) -> 1.1635076 | G20: =12*2 -> 24 | H20: 86 | I20: 5.6 | J20: =I20/SQRT(K20) -> 1.1430952 | K20: =12*2 -> 24
A21: Zhang et al., 2010 | B21: PCW | C21: Planted | D21: 36.8 | E21: 5.7 | F21: =E21/SQRT(G21) -> 1.1635076 | G21: =12*2 -> 24 | H21: 73.8 | I21: 8.2 | J21: =I21/SQRT(K21) -> 1.673818 | K21: =12*2 -> 24
A22: Zhang et al., 2010 | B22: ACW | C22: Aerated | D22: 36.8 | E22: 5.7 | F22: =E22/SQRT(G22) -> 1.1635076 | G22: =12*2 -> 24 | H22: 76.9 | I22: 8.2 | J22: =I22/SQRT(K22) -> 1.673818 | K22: =12*2 -> 24

Sheet Tao et al., 2010
A1: Aeration
B2: Mean (%) | C2: Error Bar (%) | D2: STD (%)
A3: Summer | B3: 68.985507 | C3: 73.022774 | D3: =C3-B3 -> 4.0372671
A4: Fall | B4: 71.884058 | C4: 75.817805 | D4: =C4-B4 -> 3.9337474
A5: Winter | B5: 58.530021 | C5: 62.256729 | D5: =C5-B5 -> 3.7267081
A6: Spring | B6: 63.188406 | C6: 67.536232 | D6: =C6-B6 -> 4.3478261
A7: Constructed/Control
B8: Mean (%) | C8: Error Bar (%) | D8: STD (%)
A9: Summer | B9: 66.397516 | C9: 72.919255 | D9: =C9-B9 -> 6.5217391
A10: Fall | B10: 69.917184 | C10: 75.093168 | D10: =C10-B10 -> 5.1759834
A11: Winter | B11: 51.594203 | C11: 55.010352 | D11: =C11-B11 -> 3.4161491
A12: Spring | B12: 56.045549 | C12: 59.875776 | D12: =C12-B12 -> 3.8302277

Sheet Wang et al., 2022
B1: Stage III Constructed RE (%) | C1: Stage IV Constructed RE (%)
B2: 32.497143 | C2: 47.942857
B3: 38.325714 | C3: 42.405714
B4: 38.762857 | C4: 45.611429
B5: 41.385714 | C5: 48.962857
B6: 35.702857 | C6: 48.671429
B7: 42.988571 | C7: 42.697143
B8: 45.465714 | C8: 48.38
B9: 40.365714 | C9: 43.425714
B10: 36.868571 | C10: 43.571429
B11: 42.988571 | C11: 45.028571
B12: 49.691429 | C12: 42.988571
B13: 45.611429 | C13: 46.485714
C14: 46.631429
A16: Average | B16: =AVERAGE(B2:B13) -> 40.887857 | C16: =AVERAGE(C2:C14) -> 45.60022
A17: STD | B17: =_xlfn.STDEV.P(B2:B13) -> 4.6065301 | C17: =_xlfn.STDEV.P(C2:C14) -> 2.3275454

Sheet Wang et al., 2023
B1: Start-up Constructed RE (%) | C1: Stable Constructed RE (%) | D1: Low-temp Consructed RE (%) | E1: Start-up Sulfur-Siderite RE (%)
B2: 43.424658 | C2: 45.753425 | D2: 33.013699 | E2: 46.164384
B3: 50 | C3: 49.452055 | D3: 32.054795 | E3: 51.643836
B4: 52.328767 | C4: 45.479452 | D4: 37.39726 | E4: 51.506849
B5: 53.150685 | C5: 31.369863 | D5: 39.726027 | E5: 45.479452
B6: 46.849315 | C6: 33.972603 | D6: 37.945205 | E6: 55.342466
B7: 43.287671 | C7: 38.493151 | D7: 47.260274 | E7: 58.630137
B8: 47.260274 | C8: 42.465753 | D8: 50.821918 | E8: 71.917808
B9: 34.520548 | C9: 36.986301 | D9: 54.794521 | E9: 74.246575
B10: 45.890411 | C10: 37.534247 | D10: 47.260274 | E10: 79.863014
B11: 53.69863 | C11: 42.465753 | D11: 50 | E11: 81.917808
B12: 41.232877 | C12: 41.369863 | D12: 38.219178 | E12: 82.054795
B13: 50.547945 | C13: 53.013699 | D13: 34.520548 | E13: 89.041096
B14: 38.493151 | C14: 54.520548 | D14: 55.205479 | E14: 89.863014
C15: 45.342466 | D15: 26.438356
C16: 42.60274 | D16: 37.123288
C17: 56.30137
C18: 58.767123
C19: 57.39726
C20: 50.273973
C21: 56.164384
C22: 54.109589
C23: 53.424658
C24: 51.917808
C25: 54.383562
C26: 51.643836
C27: 48.90411
C28: 57.534247
... C30: 44.794521
A32: Average | B32: =AVERAGE(B2:B30) -> 46.206533 | C32: =AVERAGE(C2:C30) -> 48.181389 | D32: =AVERAGE(D2:D30) -> 41.452055 | E32: =AVERAGE(E2:E30) -> 67.513172
A33: STD | B33: =_xlfn.STDEV.P(B2:B30) -> 5.6415396 | C33: =_xlfn.STDEV.P(C2:C30) -> 7.7984671 | D33: =_xlfn.STDEV.P(D2:D30) -> 8.5220895 | E33: =_xlfn.STDEV.P(E2:E30) -> 15.87331

Sheet Xiong et al., 2011
A1: Influent | B1: CWS Effluent | C1: CWS RE (%) | D1: FB Effluent | E1: FB RE (%) | F1: SF Effluent | G1: SF RE (%)
A2: 19.3345 | B2: 10.377594 | C2: =(A2-B2)/A2*100 -> 46.326027 | D2: 6.3895974 | E2: =(A2-D2)/A2*100 -> 66.952353 | F2: 3.935984 | G2: =(A2-F2)/A2*100 -> 79.642691
A3: 18.117196 | B3: 9.3441694 | C3: =(A3-B3)/A3*100 -> 48.423755 | D3: 5.7859465 | E3: =(A3-D3)/A3*100 -> 68.063786 | F3: 2.5959823 | G3: =(A3-F3)/A3*100 -> 85.671169
A4: 26.285905 | B4: 8.4334417 | C4: =(A4-B4)/A4*100 -> 67.916487 | D4: 4.8137034 | E4: =(A4-D4)/A4*100 -> 81.687131 | F4: 1.9921647 | G4: =(A4-F4)/A4*100 -> 92.421167
A5: 23.964158 | B5: 7.6449112 | C5: =(A5-B5)/A5*100 -> 68.098561 | D5: 4.8847212 | E5: =(A5-D5)/A5*100 -> 79.616554 | F5: 2.9215637 | G5: =(A5-F5)/A5*100 -> 87.808611
A6: 22.43961 | B6: 6.673335 | C6: =(A6-B6)/A6*100 -> 70.260913 | D6: 3.237476 | E6: =(A6-D6)/A6*100 -> 85.572494 | F6: 1.7656081 | G6: =(A6-F6)/A6*100 -> 92.131735
A7: 17.173127 | B7: 5.8236226 | C7: =(A7-B7)/A7*100 -> 66.088746 | D7: 4.4737851 | E7: =(A7-D7)/A7*100 -> 73.948919 | F7: 1.0387597 | G7: =(A7-F7)/A7*100 -> 93.951249
A8: 19.391348 | B8: 5.3423356 | C8: =(A8-B8)/A8*100 -> 72.449901 | D8: 2.5204634 | E8: =(A8-D8)/A8*100 -> 87.002123 | F8: 1.6002334 | G8: =(A8-F8)/A8*100 -> 91.747694
A9: 28.480287 | B9: 5.5360507 | C9: =(A9-B9)/A9*100 -> 80.561816 | D9: 3.8794699 | E9: =(A9-D9)/A9*100 -> 86.378403 | F9: 1.3033258 | G9: =(A9-F9)/A9*100 -> 95.423762
A10: 24.501959 | B10: 5.9746603 | C10: =(A10-B10)/A10*100 -> 75.615581 | D10: 4.3179128 | E10: =(A10-D10)/A10*100 -> 82.377275 | F10: 1.6192381 | G10: =(A10-F10)/A10*100 -> 93.391393
A11: 19.726098 | B11: 4.5728099 | C11: =(A11-B11)/A11*100 -> 76.818478 | D11: 3.0397599 | E11: =(A11-D11)/A11*100 -> 84.590161 | F11: 2.2418938 | G11: =(A11-F11)/A11*100 -> 88.634885
A12: 17.4657 | B12: 4.8280403 | C12: =(A12-B12)/A12*100 -> 72.357017 | D12: 2.8035342 | E12: =(A12-D12)/A12*100 -> 83.948343 | F12: 1.2083021 | G12: =(A12-F12)/A12*100 -> 93.081857
A13: 20.48162 | B13: 5.0831041 | C13: =(A13-B13)/A13*100 -> 75.182119 | D13: 3.6109027 | E13: =(A13-D13)/A13*100 -> 82.370034 | F13: 1.7087605 | G13: =(A13-F13)/A13*100 -> 91.657103
... A16: 22.5343 | B16: 4.5589731 | C16: =(A16-B16)/A16*100 -> 79.768739 | D16: 2.534467 | E16: =(A16-D16)/A16*100 -> 88.752848 | F16: 1.3691756 | G16: =(A16-F16)/A16*100 -> 93.924038
A18: Average | C18: =AVERAGE(C2:C16) -> 70.893879 | E18: =AVERAGE(E2:E16) -> 82.185368 | G18: =AVERAGE(G2:G16) -> 91.317362
A19: STD | C19: =_xlfn.STDEV.P(C2:C16) -> 10.473412 | E19: =_xlfn.STDEV.P(E2:E16) -> 7.1072045 | G19: =_xlfn.STDEV.P(G2:G16) -> 4.1408134
